,team_three_rate,team_rim_rate,team_mid_rate,adj_tempo,off_style_transition_pct,off_style_post_up_pct,off_style_pick_pop_pct,off_style_big_cut_roll_pct,off_style_attack_kick_pct,off_style_perimeter_cut_pct,n_teams,n_he,avg_adj_em,avg_confidence
C0: Rim-Heavy / Transition,0.314,0.474,0.212,69.077,0.195,0.066,0.015,0.054,0.13,0.069,48,47,2.7264374999999994,0.4435782045329526
C1: Perimeter / Post-Up,0.394,0.351,0.255,65.782,0.142,0.096,0.029,0.062,0.142,0.048,47,47,3.2267234042553192,0.41589009508682984
C2: Pick-Pop / 3PT-Heavy,0.448,0.381,0.17,68.064,0.161,0.055,0.045,0.041,0.167,0.062,36,36,2.4456666666666664,0.4227074857603111
C3: Post-Up / Kick-Light,0.314,0.438,0.248,67.362,0.161,0.105,0.02,0.073,0.116,0.051,54,52,-2.1750740740740744,0.4394383836602972
C4: Cut-Heavy / Drive-Kick,0.417,0.402,0.181,64.488,0.129,0.045,0.028,0.038,0.187,0.098,26,25,-2.0866538461538466,0.47610474930874785
C5: Mid-Light / Post-Light,0.434,0.429,0.137,69.94,0.193,0.036,0.026,0.033,0.181,0.087,31,30,2.5992258064516127,0.4440657382974078
C6: Mid-Heavy / 3PT-Light,0.336,0.401,0.263,66.596,0.155,0.058,0.017,0.046,0.148,0.069,43,41,-6.9155348837209285,0.4077237131306915
C7: Transition / Fast-Pace,0.413,0.387,0.2,69.221,0.187,0.075,0.022,0.052,0.14,0.052,35,33,0.1308285714285716,0.4015217867318299
C8: Mid-Light / Slow-Pace,0.386,0.443,0.171,66.068,0.149,0.075,0.025,0.065,0.16,0.059,45,45,0.3108000000000001,0.36790333624510346
