,usage_rate,true_shooting_pct,assist_rate,bpm,three_point_rate,rim_rate,mid_range_rate,pbp_rim_pct,pbp_three_pct,pbp_mid_pct,pbp_zone1_restricted_pct,pbp_zone2_mid_pct,pbp_zone3_corner3_pct,pbp_zone4_straight3_pct,pbp_zone5_wing3_pct,pbp_turnover_rate,pbp_transition_rate,pbp_clutch_ts_pct,pbp_assist_rate,n_players,n_extended,avg_confidence
C0,16.646,54.968,8.788,1.272,0.695,0.184,0.121,0.152,0.593,0.255,0.304,0.103,0.193,0.086,0.314,0.24,0.56,0.906,0.167,4982,658,0.3667567488235156
C1,18.845,53.99,10.634,1.21,0.398,0.439,0.162,0.333,0.299,0.368,0.572,0.129,0.104,0.043,0.152,0.287,0.481,0.877,0.179,4667,764,0.2837536909368651
C2,18.752,55.939,12.802,1.649,0.475,0.329,0.196,0.241,0.355,0.404,0.495,0.152,0.104,0.058,0.191,0.301,0.479,3.105,0.239,1061,122,0.3008315562797958
C3,21.693,53.75,14.116,1.929,0.483,0.238,0.279,0.184,0.382,0.435,0.387,0.227,0.094,0.074,0.219,0.241,0.519,0.863,0.187,2123,727,0.3175547468044106
C4,25.68,57.713,18.643,3.264,0.303,0.454,0.242,0.315,0.213,0.473,0.617,0.168,0.044,0.052,0.118,0.243,0.433,0.977,0.199,1176,495,0.3472663937723819
C5,20.799,54.063,17.842,2.045,0.541,0.27,0.189,0.217,0.463,0.321,0.385,0.153,0.097,0.097,0.267,0.445,0.552,0.899,0.423,1129,467,0.3306130741344277
C6,19.869,58.913,9.974,1.774,0.079,0.71,0.211,0.481,0.05,0.469,0.816,0.134,0.014,0.013,0.023,0.294,0.369,1.113,0.162,4363,754,0.35961875608095
C7,22.213,52.926,14.833,1.635,0.203,0.385,0.412,0.278,0.145,0.577,0.539,0.313,0.037,0.031,0.08,0.299,0.468,0.965,0.216,3100,431,0.27989899002874713
C8,23.841,53.163,25.749,2.522,0.33,0.369,0.3,0.273,0.252,0.476,0.512,0.237,0.05,0.056,0.144,0.501,0.503,0.937,0.549,1312,429,0.34376622910463495
